pageviews,visitNumber,hits,timeOnSite_predicted_seconds,timeOnSite_predicted_minutes
8,1,12,291.5123815,4.858539692
15,2,22,543.0251999,9.050419998
25,3,40,863.8166692,14.39694449
5,1,8,181.6723503,3.027872505
30,4,50,1015.06188,16.917698
