{
    "model_type": "LinearRegression",
    "model_version": "2.0",
    "training_date": "2026-05-24 19:51:22",
    "features": [
        "pageviews",
        "visitNumber",
        "hits"
    ],
    "performance": {
        "r2_test": 0.4109697540160354,
        "rmse_test": 367.11929369128075,
        "mae_test": 197.50312863773226
    },
    "coefficients": {
        "pageviews": 437.24118854101863,
        "visitNumber": 18.072178301046264,
        "hits": -123.5602293033482
    },
    "intercept": 270.81716372191045
}